{
  "feature_count": 1000000,
  "samples": 30,
  "steps": 1000,
  "batch_size": 65536,
  "mean_speedup": 3.751020823677887,
  "ci_lo": 3.716205220486522,
  "ci_hi": 3.780027752863193,
  "mean_total_speedup": 3.7445483718446337,
  "total_ci_lo": 3.708024413959899,
  "total_ci_hi": 3.779158387657263,
  "p4_over_dense_memory_ratio": 0.5185697669754943,
  "active_support_mean": 3,
  "threshold": 0.0,
  "threshold_source": "PM T1.5 requires alpha > 0",
  "passed": true,
  "commit": "bb6703b45b"
}
