{
  "rows": [
    {
      "feature_count": 10000,
      "samples": 30,
      "steps": 1000,
      "batch_size": 65536,
      "mean_speedup": 1.165425655669885,
      "ci_lo": 1.1601939710069815,
      "ci_hi": 1.1696889046456695,
      "mean_total_speedup": 1.1653229890622856,
      "total_ci_lo": 1.160487377826093,
      "total_ci_hi": 1.1701965448940084,
      "p4_over_dense_memory_ratio": 0.9910999350153985,
      "active_support_mean": 3,
      "threshold": 0.0,
      "threshold_source": "PM T1.5 requires alpha > 0",
      "passed": true,
      "commit": "80dcaeedf2"
    },
    {
      "feature_count": 100000,
      "samples": 30,
      "steps": 1000,
      "batch_size": 65536,
      "mean_speedup": 1.1679008956606287,
      "ci_lo": 1.1633330345381423,
      "ci_hi": 1.1723541429493152,
      "mean_total_speedup": 1.167265236203093,
      "total_ci_lo": 1.1615213160108868,
      "total_ci_hi": 1.1727676768345887,
      "p4_over_dense_memory_ratio": 0.9181520743358199,
      "active_support_mean": 3,
      "threshold": 0.0,
      "threshold_source": "PM T1.5 requires alpha > 0",
      "passed": true,
      "commit": "80dcaeedf2"
    },
    {
      "feature_count": 1000000,
      "samples": 30,
      "steps": 1000,
      "batch_size": 65536,
      "mean_speedup": 3.3278571882691828,
      "ci_lo": 3.228910298087089,
      "ci_hi": 3.3976062872608748,
      "mean_total_speedup": 3.3232454554188617,
      "total_ci_lo": 3.22461616629778,
      "total_ci_hi": 3.3936546152817146,
      "p4_over_dense_memory_ratio": 0.4177295082943327,
      "active_support_mean": 3,
      "threshold": 0.0,
      "threshold_source": "PM T1.5 requires alpha > 0",
      "passed": true,
      "commit": "80dcaeedf2"
    },
    {
      "feature_count": 10000000,
      "samples": 30,
      "steps": 1000,
      "batch_size": 65536,
      "mean_speedup": 44.17431785266983,
      "ci_lo": 42.59033326603747,
      "ci_hi": 45.41473045989233,
      "mean_total_speedup": 43.97624053397999,
      "total_ci_lo": 42.4756312211578,
      "total_ci_hi": 45.24999643063804,
      "p4_over_dense_memory_ratio": 0.05449492226884555,
      "active_support_mean": 3,
      "threshold": 0.0,
      "threshold_source": "PM T1.5 requires alpha > 0",
      "passed": true,
      "commit": "80dcaeedf2"
    }
  ],
  "alpha": 0.5190814521300372,
  "alpha_se": 0.17806362717027438,
  "threshold": 0.0,
  "threshold_source": "PM T1.5 acceptance: alpha CI must be strictly above zero for full production promotion",
  "passed": true,
  "commit": "80dcaeedf2"
}
