{
  "commit": "6664a35489",
  "rows": [
    {
      "max_speedup": 0.003976464915874937,
      "mean_dense_ns": 18597.333333333332,
      "mean_pstack_ns": 7885648.0,
      "mean_speedup": 0.0027965195367254253,
      "min_speedup": 0.001670844979434923,
      "ratios": [
        0.001670844979434923,
        0.003976464915874937,
        0.0027422487148664157
      ],
      "samples": 3,
      "width": 10
    },
    {
      "max_speedup": 0.0009112016084117724,
      "mean_dense_ns": 85936.33333333333,
      "mean_pstack_ns": 128692778.0,
      "mean_speedup": 0.0006703360618863823,
      "min_speedup": 0.0004977088305890756,
      "ratios": [
        0.0004977088305890756,
        0.0006020977466582987,
        0.0009112016084117724
      ],
      "samples": 3,
      "width": 50
    },
    {
      "max_speedup": 0.00019491654448987281,
      "mean_dense_ns": 517212.0,
      "mean_pstack_ns": 2915226792.0,
      "mean_speedup": 0.0001782598474998838,
      "min_speedup": 0.00016668902473742357,
      "ratios": [
        0.00016668902473742357,
        0.00019491654448987281,
        0.00017317397327235503
      ],
      "samples": 3,
      "width": 200
    },
    {
      "max_speedup": 6.42027700459681e-05,
      "mean_dense_ns": 1713344.0,
      "mean_pstack_ns": 26840389976.333332,
      "mean_speedup": 6.383660311444385e-05,
      "min_speedup": 6.326347149922167e-05,
      "ratios": [
        6.42027700459681e-05,
        6.326347149922167e-05,
        6.404356779814175e-05
      ],
      "samples": 3,
      "width": 500
    }
  ]
}
